Day,Entropy,30 Day
20160119,5.467315374658845,
20160120,1.698370619265935,
20160121,2.031827843266873,
20160122,2.321928094887362,
20160123,,
20160124,,
20160125,3.0056027625621846,
20160126,,
20160127,,
20160128,2.4754215849006993,
20160129,,
20160130,,
20160131,1.5,
20160201,,
20160202,,
20160203,,
20160204,,
20160205,,
20160206,3.04373142062517,
20160207,2.0,
20160208,1.992426641166639,
20160209,,
20160210,1.9534452978042594,
20160211,,
20160212,3.47125725266962,
20160213,,
20160214,,
20160215,1.7739760316291209,
20160216,0.3333333333333333,
20160217,,0.8406890595608518
20160218,,0.8406890595608518
20160219,1.5849625007211563,0.8406890595608518
20160220,,0.8015167731839937
20160221,,0.8015167731839937
20160222,,0.8015167731839937
20160223,,0.8015167731839937
20160224,,0.8015167731839937
20160225,,0.8015167731839937
20160226,1.0,0.8015167731839937
20160227,,0.7904899272497712
20160228,,0.7904899272497712
20160229,0.0,0.7904899272497712
20160301,,0.8893011681559926
20160302,1.5849625007211563,0.8893011681559926
20160303,2.0,0.8527410118609202
20160304,1.5804820237218404,0.776257079318315
20160305,,0.5755742163007098
20160306,,0.5755742163007098
20160307,,0.754800974815677
20160308,,0.754800974815677
20160309,0.6666666666666666,0.754800974815677
20160310,,0.7751396613116024
20160311,0.7739760316291208,0.7751396613116024
20160312,,0.7754887502163469
20160313,0.0,0.7754887502163469
20160314,0.0,0.8616541669070521
20160315,,0.9693609377704336
20160316,,0.9693609377704336
20160317,0.0,0.8616541669070521
20160318,,1.1078410717376383
20160319,,0.9693609377704336
20160320,,1.1196461774500923
20160321,,1.107681559705083
20160322,,1.107681559705083
20160323,,1.107681559705083
20160324,,1.107681559705083
20160325,,1.204752161367076
20160326,,1.204752161367076
20160327,,1.204752161367076
20160328,,1.204752161367076
20160329,,1.204752161367076
20160330,,1.204752161367076
20160331,,1.118698435555142
20160401,1.0,1.118698435555142
20160402,,1.127829084443999
20160403,1.5849625007211563,1.127829084443999
20160404,,1.0897346330875692
20160405,1.292481250360578,1.204752161367076
20160406,,1.1657614551477415
20160407,,1.1657614551477415
20160408,,1.1657614551477415
20160409,,1.1657614551477415
20160410,,1.3178150992680864
20160411,,1.1411025701140114
20160412,,1.126249667996747
20160413,,1.126249667996747
20160414,,1.126249667996747
20160415,0.0,1.126249667996747
20160416,,1.1888190939965664
20160417,0.0,1.1888190939965664
20160418,2.321928094887362,1.1699371845969098
20160419,1.0,1.1093060840553068
20160420,,1.1619376630026754
20160421,,1.1619376630026754
20160422,,1.1619376630026754
20160423,1.5283208335737188,1.1619376630026754
20160424,,0.9745926548164837
20160425,,0.9745926548164837
20160426,,0.9745926548164837
20160427,,0.9745926548164837
20160428,,0.9745926548164837
20160429,0.0,0.9745926548164837
20160430,,0.9281834807776036
20160501,,0.8859933225604397
20160502,,0.8859933225604397
20160503,,0.8859933225604397
20160504,2.584962500721156,0.8859933225604397
20160505,,0.8050900283623104
20160506,,0.8050900283623104
20160507,,0.8050900283623104
20160508,,0.8050900283623104
20160509,1.7739760316291207,0.7684950270731145
20160510,0.7169925001442312,0.9336823958928386
20160511,1.0,0.9485456743699187
20160512,,0.9424922242957915
20160513,,0.9424922242957915
20160514,,0.9424922242957915
20160515,,1.4906973507029488
20160516,,1.4906973507029488
20160517,0.6666666666666666,1.4330986031418147
20160518,,1.532383795799686
20160519,2.0,1.4215405596416961
20160520,,1.1887046952021862
20160521,,1.1887046952021862
20160522,,1.1206553859403339
20160523,0.5,1.1481362538720035
20160524,,1.0935474660584987
20160525,,1.0827407007889196
20160526,,1.06753444384904
20160527,,1.06753444384904
20160528,,1.06753444384904
20160529,0.0,1.038256617364433
20160530,0.0,1.0153245423643031
20160531,,1.019774838913966
20160601,,1.0118696076045555
20160602,,1.0254849946797349
20160603,,1.0254849946797349
20160604,,1.0254849946797349
20160605,,1.017582964684551
20160606,,1.017582964684551
20160607,0.0,1.0173224763188538
20160608,4.011183906514227,1.0342681058671517
20160609,0.6666666666666666,0.9797303436906959
20160610,,0.9867392319822786
20160611,,0.9867392319822786
20160612,,1.0220588487984357
20160613,2.2075809775430777,1.007138281662692
20160614,,0.8471270688351069
20160615,1.2411027779380348,0.8471848866385263
20160616,2.807354922057604,0.8203268485953781
20160617,0.3962406251802891,0.8051586953628419
20160618,0.5647778996863227,0.8180380046599303
20160619,,0.8424692179224255
20160620,0.5957035716346161,0.835329648279015
20160621,1.2319529010635952,0.8802001066516587
20160622,0.6404886875833073,0.8034179364791614
20160623,0.9407089286744509,0.8492772649386121
20160624,0.9169925001442313,0.8427464318146236
20160625,,0.8343093785953499
20160626,,0.8172493313667952
20160627,0.4,0.8241328314932638
20160628,0.7056641667147437,0.8205067043075578
20160629,0.7924812503605781,0.841514485574536
20160630,0.0,0.842740316454885
20160701,1.903677461028802,0.8534079153973518
20160702,,0.8261281869393922
20160703,,0.8648409083828374
20160704,0.5,0.8346720394857617
20160705,,0.8135838551238564
20160706,1.0,0.9068158190941717
20160707,1.660964047443681,0.895579864037992
20160708,0.5283208335737187,0.8779848253390107
20160709,,0.882755371307733
20160710,,0.8769199703711293
20160711,5.754887502163469,0.8769199703711293
20160712,0.0,0.8220629598079398
20160713,0.0,0.8403310255814496
20160714,0.847806428025285,0.8897622623803583
20160715,,0.8966591118633841
20160716,,0.8966591118633841
20160717,,0.8966591118633841
20160718,0.646240625180289,0.8966591118633841
20160719,0.0,0.9111761255841432
20160720,1.0745082444665206,0.9245757744897923
20160721,0.646240625180289,0.8745982844975496
20160722,1.396240625180289,0.91708343041704
20160723,,0.8773720239812277
20160724,,0.8602187501638991
20160725,0.5169925001442313,0.8053111703662035
20160726,0.930827083453526,0.9230667980719809
20160727,0.0,1.009485419740208
20160728,,1.008842340435787
20160729,,1.008842340435787
20160730,,1.0017203320392352
20160731,,0.9300951512347512
20160801,1.361654166907052,0.9169952195272195
20160802,0.0,0.9139875042301899
20160803,0.0,0.9996764127607886
20160804,4.962406251802891,1.0678321653003404
20160805,0.5,0.9565586199716961
20160806,,0.9895801665638564
20160807,0.6666666666666666,0.9895801665638564
20160808,0.75,1.0524011748504967
20160809,,1.0425304764193823
20160810,0.7924812503605781,1.0075947479967267
20160811,,1.016030991846914
20160812,,1.016030991846914
20160813,,1.016030991846914
20160814,,0.9981091953197005
20160815,,0.9981648072220624
20160816,,1.0466817502513541
20160817,,1.0795361239747396
20160818,,1.095997813870611
20160819,,1.0998479295151036
20160820,,1.0912553675657668
20160821,1.0,1.059360326994095
20160822,0.5,1.1839092821405672
20160823,0.0,1.1948222948910594
20160824,1.1566763322408338,1.162271375626492
20160825,2.1229632740824185,1.120985223500605
20160826,0.5714285714285714,1.0946173800642416
20160827,,1.1198747708259635
20160828,0.861654166907052,1.0997786951365724
20160829,0.375,1.0906935342239341
20160830,0.0,1.1922625006087348
20160831,1.2671949599404864,1.180117226211753
20160901,2.5849625007211565,1.176234779484994
20160902,1.4767226489021297,1.158057647598076
20160903,,1.149616190609889
20160904,2.321928094887362,1.141124475699956
20160905,,1.1333560308368809
20160906,1.5819755160549458,1.1113420555828686
20160907,0.8074289523296623,1.0930459340687158
20160908,0.8179436508451663,1.1213695146082003
20160909,1.0784634845557521,1.1530707242550844
20160910,,1.1559624777318027
20160911,,1.1459477834152867
20160912,0.7203213491478937,1.1378672931421654
20160913,1.0,1.1029092533436464
20160914,1.8714697817493136,1.1317935060869055
20160915,1.3329841498408563,1.0605056630714205
20160916,1.59807935569469,1.0307788064992038
20160917,1.5849625007211563,1.0165962927693166
20160918,0.0,0.9517325375622403
20160919,0.5490396778473451,0.9574451142179484
20160920,2.8226022874904206,0.951824901526998
20160921,1.2233083338141042,0.8347746880921366
20160922,0.5714285714285714,0.8164226181356409
20160923,0.6603817308247043,0.8412721303323158
20160924,,0.8534564577602898
20160925,,0.805678499329908
20160926,0.5169925001442313,0.832818989972571
20160927,0.7978517858173081,0.8741419341024861
20160928,1.7991638885013639,0.8859821604846453
20160929,0.3962406251802891,0.8165599017534229
20160930,,0.8173117054347613
20161001,,0.8173117054347613
20161002,,0.833710767580418
20161003,0.5,0.8172991382973389
20161004,,0.8204666861897012
20161005,0.5536546824812271,0.8217519187967832
20161006,1.1073093649624541,0.8275411144249761
20161007,3.0,0.8244325783078931
20161008,,0.8087474311793107
20161009,,0.8093204283171562
20161010,0.5,0.7956952602256264
20161011,1.0055492649198068,0.7861399352047197
20161012,0.6557408185206046,0.8053859226239961
20161013,1.4871001552218952,0.8112062000709934
20161014,0.8171823307112748,0.7828289729463372
20161015,0.0,0.7790442809891831
20161016,,0.7833588773704553
20161017,0.6883549464818809,0.7800812251638843
20161018,0.9844817659347531,0.7974387280508022
20161019,0.7704938790137364,0.7949060061445604
20161020,0.4666666666666667,0.8029707156683639
20161021,0.0,0.8305366213242407
20161022,1.660964047443681,0.8397138215598676
20161023,,0.8537921339978295
20161024,0.5082221774891441,0.8671003868689333
20161025,1.1223175568276431,0.9261211305590045
20161026,2.541816762510069,0.8924407747343313
20161027,3.1699250014423126,0.8570615478017591
20161028,0.7190409525143151,0.8377327368173548
20161029,0.5169925001442313,0.8532854533812014
20161030,,0.8652959159968076
20161031,1.6339850002884626,0.8620932516635629
20161101,0.0,0.8337337995661837
20161102,0.8438415136583598,0.864385777491411
20161103,0.8633613244510648,0.8655005825056076
20161104,0.8194075011803952,0.8656420210546683
20161105,,0.8707320599399093
20161106,0.4,0.8707320599399093
20161107,0.8616541669070521,0.8933634089754818
20161108,0.16666666666666666,0.8943052676507818
20161109,0.45849625007211564,0.9402613898181996
20161110,2.245763738099176,0.9969396415530329
20161111,0.0,0.918888135518899
20161112,,0.9305196309052142
20161113,,0.9305196309052142
20161114,0.8616541669070521,0.9305196309052142
20161115,0.0,0.933238004484089
20161116,0.8114816370412093,0.9456811778772102
20161117,0.8814178573489019,0.961705003648673
20161118,0.8868079547421335,0.9710718373836463
20161119,,0.9701884548171061
20161120,,0.9701884548171061
20161121,1.2700439718141092,0.9701884548171061
20161122,1.2264232143887366,0.8952245755678554
20161123,0.6949875002403855,0.8249703188482745
20161124,0.8258744588729338,0.8538553896500277
20161125,1.3813781191217038,0.8839886997176674
20161126,0.0,0.5731203125901445
20161127,,0.6549946429601652
20161128,,0.6549946429601652
20161129,0.75,0.6549946429601652
20161130,0.7924812503605781,0.5283208335737187
20161201,,0.0
20161202,,0.0
20161203,,0.0
20161204,,0.0
20161205,,0.0
20161206,,0.0
20161207,,0.0
20161208,,0.0
20161209,,0.0
20161210,,0.0
20161211,,0.0
20161212,,0.0
20161213,,0.0
20161214,,0.0
20161215,,0.0
20161216,,0.0
20161217,,0.0
20161218,0.0,0.9324289523296623
20161219,,1.0656330883767569
20161220,,1.0656330883767569
20161221,,0.7459431618637298
20161222,,0.7459431618637298
20161223,,0.7459431618637298
20161224,,0.7459431618637298
20161225,,1.0651133094603884
20161226,,0.9129542652517615
20161227,,0.9129542652517615
20161228,,0.9129542652517615
20161229,,0.9129542652517615
20161230,,0.9129542652517615
20161231,,0.9129542652517615
20170101,0.0,1.0396293484473957
20170102,,1.0377422366165674
20170103,,1.0377422366165674
20170104,,0.9496911237061632
20170105,,1.02391331575179
20170106,,1.02391331575179
20170107,,1.02391331575179
20170108,,1.02391331575179
20170109,,1.02391331575179
20170110,,1.0217393779561725
20170111,,1.0086689023158326
20170112,,1.141646646953925
20170113,,1.1384989436882822
20170114,,1.135488097086363
20170115,,1.1211961451394554
20170116,1.2432386031062164,1.076348299333877
20170117,,1.0535905306376492
20170118,,1.0535905306376492
20170119,0.0,1.0295213771316645
20170120,,1.1013484499548036
20170121,,1.0282913197511783
20170122,,0.9885354169295815
20170123,2.6609640474436813,0.9711926903167818
20170124,0.0,0.9097464591485309
20170125,,0.9758073290156203
20170126,,0.9758073290156203
20170127,,0.9758073290156203
20170128,,0.9700996709101919
20170129,,0.9700996709101919
20170130,1.3352045425705423,0.980179389431683
20170131,0.5,0.9414493727256257
20170201,,0.9246377767840966
20170202,0.3333333333333333,0.9246377767840966
20170203,1.3208020839342969,0.9581078396209323
20170204,,0.9258305311880164
20170205,,0.9315358749427843
20170206,,0.9315358749427843
20170207,,0.9315358749427843
20170208,1.0,0.8828547410182997
20170209,0.9470509457256586,0.864997598161157
20170210,2.471424093334849,0.853275691366228
20170211,1.0,0.7218947501009618
20170212,1.0,0.7162191327560835
20170213,0.7924812503605781,0.7103070313551686
20170214,0.0,0.7067342392244986
20170215,,0.7388585228256123
20170216,,0.7388585228256123
20170217,0.5,0.7388585228256123
20170218,,0.7502327381982604
20170219,0.4,0.7502327381982604
20170220,0.75,0.7975614866034307
20170221,0.0,0.8106818967009288
20170222,,0.8396348215831049
20170223,1.396240625180289,0.8396348215831049
20170224,,0.7468671876502408
20170225,,0.7468671876502408
20170226,0.861654166907052,0.7468671876502408
20170227,,0.7304690477564107
20170228,1.5849625007211563,0.7304690477564107
20170301,,0.6877443751081734
20170302,0.3333333333333333,0.6877443751081734
20170303,,0.7502875001272629
20170304,,0.7502875001272629
20170305,1.5849625007211563,0.7502875001272629
20170306,1.0,0.4467970000576925
20170307,,0.34142500006868154
20170308,,0.3278704092603023
20170309,0.25,0.31793494231302044
20170310,0.6666666666666666,0.3273052791837819
20170311,,0.3145130776418398
20170312,0.8339850002884625,0.3145130776418398
20170313,,0.19645127704033463
20170314,,0.3162756238243407
20170315,,0.3416169170899489
20170316,,0.3416169170899489
20170317,,0.3416169170899489
20170318,,0.3416169170899489
20170319,,0.33022968652028395
20170320,,0.31957711598737154
20170321,,0.40219473134430944
20170322,,0.418800433251412
20170323,,0.418800433251412
20170324,,0.418800433251412
20170325,,0.418800433251412
20170326,,0.418800433251412
20170327,,0.418800433251412
20170328,,0.418800433251412
20170329,,0.40748150262299543
20170330,,0.40748150262299543
20170331,,0.40748150262299543
20170401,,0.40748150262299543
20170402,,0.40748150262299543
20170403,,0.40748150262299543
20170404,0.0,0.40748150262299543
20170405,,0.5597872589542128
20170406,0.3019934631715784,0.5381604812336312
20170407,0.0,0.6083722974142416
20170408,,0.6127443751081735
20170409,1.0,0.5538932204367669
20170410,,0.5462017242374009
20170411,,0.5462017242374009
20170412,1.1949875002403854,0.5462017242374009
20170413,0.5,0.5108134091826926
20170414,,0.5116615197068254
20170415,,0.5116615197068254
20170416,,0.5116615197068254
20170417,0.0,0.5116615197068254
20170418,0.0,0.5218947501009619
20170419,1.042481250360578,0.5325456633683284
20170420,1.0,0.48721805563568404
20170421,,0.47556392053649504
20170422,,0.47556392053649504
20170423,,0.4649958334134618
20170424,,0.4649958334134618
20170425,,0.47662635877403875
20170426,,0.47662635877403875
20170427,0.0,0.47662635877403875
20170428,,0.48721805563568404
20170429,,0.48721805563568404
20170430,,0.48721805563568404
20170501,,0.48721805563568404
20170502,,0.48721805563568404
20170503,,0.48721805563568404
20170504,0.6140806820148608,0.48721805563568404
20170505,0.4444444444444444,0.4461742647483033
20170506,,0.4467970000576925
20170507,0.5,0.4467970000576925
20170508,0.42999605270749014,0.43666309530677677
20170509,,0.5
20170510,,0.5
20170511,,0.5
20170512,,0.5
20170513,,0.8616541669070521
20170514,,0.646240625180289
20170515,,0.521240625180289
20170516,,0.521240625180289
20170517,,0.521240625180289
20170518,,0.521240625180289
20170519,,0.521240625180289
20170520,,0.521240625180289
20170521,,0.521240625180289
20170522,0.0,0.521240625180289
20170523,,0.5957035716346161
20170524,1.0,0.5957035716346161
20170525,,0.5283208335737187
20170526,,0.5283208335737187
20170527,,0.5283208335737187
20170528,,0.46332500016025696
20170529,,0.5169925001442313
20170530,,0.5169925001442313
20170531,,0.7684798673139339
20170601,,0.7318855879180323
20170602,,0.7318855879180323
20170603,,0.825055108958785
20170604,,0.7556117983808431
20170605,,0.7556117983808431
20170606,,0.7556117983808431
20170607,,0.7556117983808431
20170608,,0.7556117983808431
20170609,,0.7556117983808431
20170610,,0.7556117983808431
20170611,1.5849625007211563,0.7556117983808431
20170612,0.0,0.7312191306649515
20170613,0.3962406251802891,0.9926461406160105
20170614,,1.0608067709515214
20170615,,1.0608067709515214
20170616,,1.0608067709515214
20170617,,1.0608067709515214
20170618,,1.0608067709515214
20170619,,1.0608067709515214
20170620,,1.0608067709515214
20170621,,0.9539809670753635
20170622,,0.9539809670753635
20170623,,1.0250086648675585
20170624,,1.0250086648675585
20170625,,1.0159334149808636
20170626,0.3333333333333333,0.9631104208442524
20170627,1.0,0.997461898344848
20170628,,0.9974148964623452
20170629,1.0199672344836364,0.9974148964623452
20170630,0.0,0.9715049375346867
20170701,,0.9926246100897885
20170702,1.1511484326014196,0.8953084718456916
20170703,0.521240625180289,0.9486538613337553
20170704,,1.0363283713139535
20170705,,1.0976041215113497
20170706,,1.0976041215113497
20170707,,1.0976041215113497
20170708,,1.0976041215113497
20170709,,1.0976041215113497
20170710,,1.0976041215113497
20170711,,1.0698085809759381
20170712,2.3086248402360097,1.0698085809759381
20170713,,0.8689194578526833
20170714,,0.8689194578526833
20170715,,0.8689194578526833
20170716,,0.8689194578526833
20170717,,0.8689194578526833
20170718,,0.8689194578526833
20170719,,0.8689194578526833
20170720,0.6140806820148608,0.8689194578526833
20170721,,0.9767358630148391
20170722,1.678463484555752,0.9767358630148391
20170723,,0.8096578578860502
20170724,0.861654166907052,0.8096578578860502
20170725,0.25,0.8009918063825499
20170726,,0.9584180367775641
20170727,,0.9584180367775641
20170728,,0.9584180367775641
20170729,0.6666666666666666,0.9584180367775641
20170730,,1.0379865922623543
20170731,0.0,1.0379865922623543
20170801,2.9164450070823706,1.9029754191476496
20170802,,1.396240625180289
20170803,2.292481250360578,1.396240625180289
20170804,,0.5
20170805,,0.5
20170806,,0.5
20170807,,0.5
20170808,,0.5
20170809,0.5,0.5
20170810,,
20170811,,
20170812,,
20170813,,
20170814,,1.4068642330857764
20170815,,1.2661778097771987
20170816,,0.8624575351630581
20170817,,0.8624575351630581
20170818,,0.8624575351630581
20170819,,0.8624575351630581
20170820,,0.7330889048885993
20170821,,0.7330889048885993
20170822,,0.9840996385145295
20170823,,1.0596412092582854
20170824,,1.0916898921956637
20170825,,1.0916898921956637
20170826,,1.0916898921956637
20170827,,1.0916898921956637
20170828,,1.1646061165639676
20170829,,1.1628570221464745
20170830,,1.1628570221464745
20170831,,1.1628570221464745
20170901,,1.1628570221464745
20170902,,1.1628570221464745
20170903,,1.1628570221464745
20170904,,1.2774162987363122
20170905,,1.3114149348101187
20170906,,1.3114149348101187
20170907,,1.3114149348101187
20170908,,1.3114149348101187
20170909,,1.3114149348101187
20170910,,1.3114149348101187
20170911,,1.3579916055812011
20170912,1.4068642330857764,1.3369332758411305
20170913,0.0,1.3745763132755076
20170914,0.2857142857142857,1.4073043207344482
20170915,,1.6316223277384807
20170916,,1.6316223277384807
20170917,,1.5291258281801796
20170918,0.0,1.5291258281801796
20170919,,1.6601937563099094
20170920,1.8208020839342969,1.6140772630790785
20170921,1.3869880158145604,1.5727322989080348
20170922,1.3480793556946902,1.6191683696814034
20170923,,1.673386172478746
20170924,,1.673386172478746
20170925,,1.673386172478746
20170926,2.477098155193438,1.673386172478746
20170927,1.146240625180289,1.5840848410660024
20170928,,1.7091831884619206
20170929,,1.7091831884619206
20170930,,1.7091831884619206
20171001,,1.6406557958346406
20171002,,1.6406557958346406
20171003,3.683161107122908,2.0045318365085394
20171004,2.807354922057604,1.9410854276052907
20171005,,2.126773883019017
20171006,,2.126773883019017
20171007,,2.126773883019017
20171008,,2.195228107189347
20171009,,1.822849152418144
20171010,2.0566416671474372,1.822849152418144
20171011,1.0,1.6729499852104142
20171012,3.5849625007211565,1.7505980604270004
20171013,,1.6772234828152341
20171014,,1.6772234828152341
20171015,,1.6772234828152341
20171016,0.3333333333333333,1.6772234828152341
20171017,,1.7406219828440805
20171018,,1.7629799102303605
20171019,0.0,1.6976843579996064
20171020,,1.7629799102303605
20171021,,1.7629799102303605
20171022,,1.7629799102303605
20171023,,1.6150854367582543
20171024,,1.724610567279744
20171025,,1.724610567279744
20171026,,1.67533597964318
20171027,,1.67533597964318
20171028,,1.67533597964318
20171029,,1.6409189821877823
20171030,1.160964047443681,1.877017516720606
20171031,,1.8669059126713616
20171101,7.826548487290916,1.8419309273535014
20171102,2.742939563498627,1.691217801525347
20171103,6.149747119504682,1.6195094995726234
20171104,,1.5141551363183894
20171105,,1.4797425195838805
20171106,2.4005907797003356,1.6638074195435775
20171107,0.3333333333333333,1.4836140474499098
20171108,,1.6796930365781222
20171109,0.0,1.7315872289068899
20171110,,1.8203865739790381
20171111,,1.8203865739790381
20171112,,1.8999741658681852
20171113,,1.842832363179688
20171114,,1.8357002723665112
20171115,0.8616541669070521,1.733716923901705
20171116,2.321928094887362,1.849758895988467
20171117,0.0,1.836598796092642
20171118,,1.8699915014761446
20171119,,1.8699915014761446
20171120,,1.9075820286061367
20171121,0.3333333333333333,1.891934062595686
20171122,2.3598563243043844,1.976948647828178
20171123,,1.9386578801805574
20171124,0.0,1.9386578801805574
20171125,,1.9782223267148544
20171126,,1.9782223267148544
20171127,1.4,1.9782223267148544
20171128,3.765805792983195,2.043929409296088
20171129,0.0,1.8231760267720998
20171130,1.292481250360578,1.8711543432661024
20171201,1.292481250360578,1.9033028484275205
20171202,,1.9392335306667523
20171203,,1.9392335306667523
20171204,0.0,1.9392335306667523
20171205,4.363425952285798,2.3813386174956093
20171206,0.0,2.1869435873778613
20171207,1.7974391409262536,2.2132593768515454
20171208,3.8073549220576037,2.248901111359428
20171209,,2.203064234574187
20171210,,2.140119542157782
20171211,2.2879636763277773,2.0720788351572024
20171212,0.5,1.9144802253302888
20171213,1.660964047443681,2.0028852394134318
20171214,0.0,2.0256799855447487
20171215,2.5101493570766484,2.250755539494165
20171216,1.5849625007211563,2.19180239913451
20171217,,2.2206995371541933
20171218,,2.1652131945562756
20171219,2.941321524680921,2.1580300121842635
20171220,1.0,2.0213362777760353
20171221,,2.0213362777760353
20171222,,2.0213362777760353
20171223,,2.0213362777760353
20171224,,2.0213362777760353
20171225,,2.386802374864628
20171226,,2.2276822165403196
20171227,,2.1515270150803607
20171228,,2.1515270150803607
20171229,,2.1515270150803607
20171230,,2.1515270150803607
20171231,,2.078575191709741
20180101,,2.050191634033169
20180102,,2.1489501082462628
20180103,4.4897110066098636,2.0999838191305678
20180104,1.6609640474436813,1.6890251455304088
20180105,0.5,1.6905020454297104
20180106,,1.7566410479535832
20180107,,1.757974508236317
20180108,0.0,1.757974508236317
20180109,1.4767226489021297,1.8042369952951673
20180110,0.8616541669070521,1.9342054208085488
20180111,,1.9777220450089612
20180112,,1.9777220450089612
20180113,,2.0675798181081664
20180114,,2.1728082249006535
20180115,,2.204189283284474
20180116,1.0,2.2800970961295763
20180117,2.0,2.3488763147315517
20180118,1.695339928381165,2.212187485558835
20180119,1.0,2.2581294906412945
20180120,,2.286723342701324
20180121,,2.3470066816246296
20180122,,2.3379028887714526
20180123,5.432353183936234,2.1670584672574313
20180124,0.0,1.7991935147405929
20180125,1.389975000480771,1.813686268363781
20180126,,1.8329458714493725
20180127,,1.8329458714493725
20180128,,1.8815207515956556
20180129,1.4767226489021297,1.7250479929902385
20180130,1.0,1.7286247047684011
20180131,3.3998907816121213,1.7135765178730427
20180201,1.5980793556946902,1.6465543284286956
20180202,0.0,1.6492853128080762
20180203,,1.6728465315624774
20180204,,1.5985733504230548
20180205,1.7739760316291209,1.5832253157968228
20180206,,1.5094326129748246
20180207,,1.4612166282238825
20180208,3.488639961749958,1.4390475767208257
20180209,1.5323207542362416,1.3940015902366691
20180210,,1.3876420884435852
20180211,5.392317422778761,1.3876420884435852
20180212,4.172147953957908,1.3346953901135918
20180213,3.4594316186372978,1.2476628224006
20180214,5.392317422778761,1.2994798414997362
20180215,2.605518125823453,1.2601926316266292
20180216,0.0,1.180075847041941
20180217,,1.2383612803243433
20180218,,1.2394020489788864
20180219,3.2311623191664416,1.2506272045856157
20180220,2.1239637567217926,1.1848075336895216
20180221,1.3299208018387279,1.200227961095454
20180222,0.968074038517012,1.1875129767088586
20180223,0.5,1.2195658553211508
20180224,,1.236107599121637
20180225,,1.2633617832102086
20180226,5.08746284125034,1.1712809422369437
20180227,0.7719866451208796,1.1405380763549882
20180228,1.0,1.2042846208307578
20180301,0.7924812503605781,1.2916263410206257
20180302,1.7297158093186489,1.301710080225879
20180303,,1.2928852198322136
20180304,,1.2928852198322136
20180305,0.73205290379646,1.2928852198322136
20180306,1.0,1.4000356930310454
20180307,0.5169925001442313,1.420860292280013
20180308,1.0754887502163468,1.5225798882942758
20180309,0.7739760316291208,1.5745672299312443
20180310,,1.6035042611951764
20180311,,1.5775394550494077
20180312,,1.5463128117461082
20180313,1.2432386031062164,1.5296857922649674
20180314,0.5283208335737187,1.5585195242428447
20180315,1.933928437259485,1.563182866931371
20180316,1.2724129422297883,1.510898235218432
20180317,1.0,1.534410869738439
20180318,3.5849625007211565,1.5241794499495416
20180319,1.292481250360578,1.495931134780678
20180320,1.542481250360578,1.4617853333318354
20180321,0.8616541669070521,1.3720005058639042
20180322,1.7857075862776872,1.4110820128625792
20180323,,1.382629437666495
20180324,,1.382629437666495
20180325,,1.1305193951830446
20180326,1.6585474524944954,0.9903723627223364
20180327,0.4576544246941396,0.9573647597869644
20180328,1.5,1.0217447098009642
20180329,1.8715699480384027,1.036124442636257
20180330,3.3585919004172284,1.0145180933586153
20180331,,0.9308011716779505
20180401,,0.9371115269291387
20180402,,0.9465718374009178
20180403,,0.9385457023398764
20180404,2.996460484250835,0.9311555786994049
20180405,1.6102963496286646,0.8892815851437185
20180406,4.0437314206251695,0.8538583063869672
20180407,,0.7993305608444339
20180408,,0.9039543198608103
20180409,0.5,0.9433401731119941
20180410,1.1671321430631876,0.949765393012168
20180411,0.0,0.9823502762135364
20180412,1.9534452978042594,1.0105035390937598
20180413,0.6666666666666666,0.9962165427496613
20180414,,1.0038804933562426
20180415,,1.0038212491828649
20180416,1.1073093649624541,1.0082238344217913
20180417,1.4992941796073573,1.0059195197580548
20180418,0.9500732863568487,0.9732997075366134
20180419,0.0,0.9745115208155577
20180420,1.968963531869506,1.0188074990344467
20180421,,0.9921676102633702
20180422,,1.0740861034311162
20180423,0.39286408569443004,1.0956355069776182
20180424,0.0,1.2988803067113637
20180425,1.0,1.5560004219509798
20180426,1.5,1.5940826426325536
20180427,1.2642627814189562,1.5967328579179776
20180428,,1.6576857052761316
20180429,,1.647207271235654
20180430,1.078463484555752,1.5807025018886596
20180501,1.5,1.6104023878082885
20180502,0.8021014063021726,1.6158375777352223
20180503,0.0,1.7087109895879646
20180504,4.0,1.7067150462191452
20180505,1.0,1.6691202109112624
20180506,,1.6161322677077303
20180507,1.4868581200949076,1.6473429807862956
20180508,3.6609640474436813,1.6886185374011096
20180509,,1.6126758938427208
20180510,3.8774437510817346,1.553384714795819
20180511,2.3774437510817346,1.4960005410603643
20180512,,1.4736855230851398
20180513,,1.5206717293936693
20180514,1.0,1.5356147894761973
20180515,1.5849625007211563,1.5455547515947723
20180516,,1.5123421046307983
20180517,,1.5160407474479596
20180518,,1.5160407474479596
20180519,,1.5160407474479596
20180520,,1.498285858324278
20180521,2.8271418572208797,1.533339423608258
20180522,1.9001465727136975,1.471209837244674
20180523,0.9357849740192014,1.3885781211488137
20180524,1.5849625007211563,1.4006527135066296
20180525,,1.3973905933789388
20180526,,1.3973905933789388
20180527,,1.4216530395873153
20180528,1.5214660627499221,1.4216530395873153
20180529,0.5,1.417116083989015
20180530,1.0,1.4541916133354995
20180531,1.646240625180289,1.4664316882881603
20180601,1.5849625007211563,1.4595159599461554
20180602,0.7924812503605781,1.4582980323658155
20180603,,1.484579311323681
20180604,0.3333333333333333,1.484579311323681
20180605,1.7175670852130676,1.519465553080964
20180606,1.5283208335737188,1.4018522105349254
20180607,1.3714697817493133,1.3964321266904056
20180608,0.7924812503605781,1.398772346528633
20180609,,1.4614921150977422
20180610,,1.4060088963224433
20180611,1.9846605166903994,1.3243264607831973
20180612,1.9689635318695062,1.2041548642858637
20180613,1.512802599508472,1.2674509857002134
20180614,0.75,1.1985080398945651
20180615,1.635630198536173,1.229439628852811
20180616,,1.207283779597355
20180617,,1.2392965692474023
20180618,1.301009312505594,1.1830928396429279
20180619,2.488549077596719,1.2908585946632842
20180620,1.410964047443681,1.2037538322681254
20180621,0.2857142857142857,1.1875020506857288
20180622,1.403677461028802,1.3309682860220948
20180623,,1.3275059443551087
20180624,,1.3619357878262925
20180625,2.792481250360578,1.3619357878262925
20180626,,1.29381457532466
20180627,,1.2577320946280846
20180628,1.5849625007211563,1.2297824925252383
20180629,2.321928094887362,1.2132624921440327
20180630,,1.1868656920787153
20180701,,1.1592641643559545
20180702,2.807354922057604,1.0836599797240445
20180703,,1.196528360490404
20180704,,1.196528360490404
20180705,0.0,1.1641957382202417
20180706,,1.2030022628275832
20180707,,1.19967435687959
20180708,,1.19967435687959
20180709,0.3333333333333333,1.19967435687959
20180710,0.8713602273382869,1.2861114489456964
20180711,0.0,1.2220788877206221
20180712,4.408491811627691,1.2842544488190077
20180713,0.3333333333333333,1.1706458174441465
20180714,,1.2189523069120782
20180715,,1.2189523069120782
20180716,3.0,1.1738059251745938
20180717,0.3962406251802891,1.1870175500121143
20180718,2.1105213148885547,1.2478465442299471
20180719,,1.0909965859283821
20180720,,1.0909965859283821
20180721,,1.0909965859283821
20180722,,1.1334188840188624
20180723,2.084962500721156,1.0652113308967877
20180724,,1.1223028602185157
20180725,,1.1379760234288994
20180726,0.5,1.1809056107498161
20180727,0.0,1.205665814777082
20180728,,1.2279929594951762
20180729,,1.2925954741576373
20180730,0.0,1.2406220004423825
20180731,0.0,1.2406220004423825
20180801,1.6824406516918138,1.3047921039135402
20180802,,1.2645253700577912
20180803,0.5283208335737187,1.2645253700577912
20180804,,1.3158884772543544
20180805,1.0,1.3158884772543544
20180806,,1.4306665158469614
20180807,,1.457716841876906
20180808,3.700439718141092,1.4663647677163598
20180809,0.45849625007211564,1.4851260423590127
20180810,2.321928094887362,1.6946423264991957
20180811,,1.681573872991109
20180812,,1.681573872991109
20180813,,1.7911579249397407
20180814,0.0,1.8090532894693283
20180815,2.02915428041678,1.9497963223818304
20180816,,1.9188220285859887
20180817,,1.9188220285859887
20180818,,1.9188220285859887
20180819,,1.9374630280931269
20180820,3.0,1.9479937881214537
20180821,0.5536546824812271,1.892117505106661
20180822,1.928467406287416,1.9290888484772255
20180823,2.0,1.955079388993322
20180824,3.5849625007211565,1.9543548630093432
20180825,,1.9276235902599692
20180826,,1.9039225231892376
20180827,2.455440738081939,1.8370284638739194
20180828,0.5,1.8106840393591117
20180829,0.0,1.900257120187632
20180830,,1.8986706974500738
20180831,3.022197059679227,1.8986706974500738
20180901,,1.867022067528126
20180902,,1.834168808053233
20180903,,1.8777543111533614
20180904,2.181464706452818,1.8792635171885053
20180905,1.7823207542362416,1.7624217232056887
20180906,1.5306065025237316,1.740981248809378
20180907,4.807354922057604,1.737626773499255
20180908,,1.6987694551630732
20180909,,1.6987694551630732
20180910,,1.8206851448069155
20180911,4.4211751717069045,1.8794597979296515
20180912,2.1073093649624544,1.8259500005869724
20180913,2.5430943389816556,1.8079927092567205
20180914,1.4406426982957874,1.7572960451377595
20180915,,1.7686050932392585
20180916,,1.7884971551807127
20180917,3.0,1.7625903060028842
20180918,2.035248656927592,1.7204004887356363
20180919,1.2610985298396133,1.702358001362127
20180920,0.7813781191217037,1.721969533429794
20180921,2.7459265481648374,1.7772984401537995
20180922,,1.753958003816184
20180923,,1.7914929156232355
20180924,1.542481250360578,1.7945892080704198
20180925,0.75,1.8528735302467347
20180926,1.8339850002884623,1.884928289013552
20180927,2.1531438728790993,1.8657493261266331
20180928,1.396240625180289,1.8552348914893477
20180929,,1.8787730589923763
20180930,,1.8115158366025044
20181001,1.0566416671474375,1.8578577149777227
20181002,2.4153088493882793,1.9092630368351942
20181003,2.0,1.9320640329087455
20181004,1.1306101401942923,1.9531860639548335
20181005,1.3213505547155622,2.0648939054531787
20181006,0.0,2.103519534062925
20181007,,2.007950297812308
20181008,,2.05787809418056
20181009,2.6232967682955435,2.016702994856679
20181010,2.7708753702911455,1.8186716885475498
20181011,,1.7626597072685148
20181012,1.0,1.7383777898210433
20181013,,1.745546506227073
20181014,,1.745546506227073
20181015,2.6239637567217926,1.745546506227073
20181016,1.3169925001442313,1.7390893338733873
20181017,1.0804820237218404,1.7686529072283228
20181018,1.7929638264833205,1.8251560277840029
20181019,,1.807766781928794
20181020,,1.807766781928794
20181021,,1.7802305143105963
20181022,4.906890595608519,1.841130648893629
20181023,1.881285396591575,1.7851392606231122
20181024,2.399897374503132,1.784424914326719
20181025,1.3333333333333333,1.739546714105522
20181026,0.0,1.7526503715497863
20181027,,1.7717009190666317
20181028,,1.7721997438117385
20181029,0.5,1.80954519819192
20181030,2.4911967194390394,1.742649580791645
20181031,2.12768572732344,1.6984563937086292
20181101,4.45344529780426,1.7044747547502528
20181102,2.6024516406858678,1.6516099366145989
20181103,,1.6233671137213928
20181104,,1.6074517498613792
20181105,1.1564247078932324,1.6674755708166655
20181106,2.9266217509881436,1.758832684219857
20181107,1.5958019795458978,1.6960973776811614
20181108,1.274163215903017,1.7389411708753872
20181109,,1.8747993423288494
20181110,0.5,1.8747993423288494
20181111,,2.0140901254693375
20181112,,1.990355816230617
20181113,,1.9457649810262874
20181114,2.1073093649624544,1.8396813601408997
20181115,2.584962500721156,1.861823451992352
20181116,3.1609640474436813,1.8543684102528797
20181117,0.0,1.8268611336804417
20181118,,1.8631106464029308
20181119,0.9357849740192014,1.8631798447497185
20181120,2.805382779791648,1.872462721188525
20181121,1.278463484555752,1.842385955879963
20181122,2.0,1.9031093610900927
20181123,,1.9020894596278832
20181124,,1.9020894596278832
20181125,,1.8926926944234261
20181126,1.7813781191217037,1.8926926944234261
20181127,2.4132967106715166,1.8988088798795646
20181128,0.8954462296920093,1.9420089807469596
20181129,1.6193269983758576,2.140007339054653
20181130,2.5986584482977095,2.1620079168298134
20181201,,2.1444655948488136
20181202,,2.1129293361010366
20181203,0.0,2.1129293361010366
20181204,4.728690439536267,2.1591232353358256
20181205,3.1961587113893803,2.1517349468350266
20181206,1.792481250360578,2.1130770123210216
20181207,4.392317422778761,2.121297416473854
20181208,,2.0918036501582056
20181209,,2.029652993794706
20181210,2.616662190788641,1.9861718929528176
20181211,1.55720467262397,1.9158463658301172
20181212,1.6816500340467964,1.965096120845847
20181213,0.646240625180289,2.0170159820343105
20181214,2.8306176987765586,2.183170570743889
20181215,,2.1187094464494844
20181216,,2.0751311810076998
20181217,2.3899750004807707,1.940880124074528
20181218,1.8648579046593243,1.9226098644816443
20181219,0.0,2.024663267734389
20181220,2.5424812503605785,2.187836688870591
20181221,2.594844591767816,2.1729042862815393
20181222,,2.1543574596667576
20181223,,2.1871353677295358
20181224,1.0,2.204817742060769
20181225,,2.258457738350694
20181226,,2.2937691166569443
20181227,4.194987500240385,2.3162738213669343
20181228,,2.2663964670605594
20181229,,2.2663964670605594
20181230,3.1699250014423126,2.252351084304186
20181231,0.0,2.297030624429998
20190101,,2.317877096210007
20190102,2.4864772062124327,2.328013779446096
20190103,2.6669272568735303,2.324117137804301
20190104,1.9509775004326937,2.2968136769934775
20190105,,2.3128246110935136
20190106,,2.309954660533023
20190107,1.23205290379646,2.31245473180746
20190108,1.2643856189774725,2.410609410716316
20190109,2.0797487383876385,2.4723871147228826
20190110,2.374456766415524,2.518531237506552
20190111,2.04373142062517,2.527263023633281
20190112,,2.537232747406644
20190113,0.0,2.51018467094053
20190114,1.6102963496286646,2.5964765464352944
20190115,1.0011227255423254,2.608953243963912
20190116,1.9141062417054562,2.722082397050246
20190117,3.0163213203506785,2.775146563561567
20190118,3.202122053130191,2.7315636857042205
20190119,,2.6542116253054306
20190120,,2.6542116253054306
20190121,5.169925001442312,2.627162358459276
20190122,2.6115123516791376,2.5059757809488317
20190123,2.6475559288989023,2.3624622480379527
20190124,2.757230956926482,2.3276947259817393
20190125,3.1639510321098916,2.281258376690416
20190126,,2.243961503926213
20190127,,2.063312579248104
20190128,1.7233083338141042,1.9501506621470208
20190129,2.969888516830721,1.971690656095197
20190130,2.584962500721156,1.8340363223356888
20190131,3.5849625007211565,1.833726073495246
20190201,,1.8131232919984706
20190202,,1.8131232919984706
20190203,,1.8100239320222076
20190204,2.0,1.8448233576846327
20190205,2.584962500721156,1.8422757022242064
20190206,4.273447229943819,1.8918470609656546
20190207,2.574072943916681,1.8616370730528704
20190208,3.1928723673751493,1.841993256861426
20190209,,1.7895319321812815
20190210,,1.8086236456363278
20190211,1.6356301985361728,1.797017963419948
20190212,3.3505654218154395,1.8227273862675577
20190213,1.0566416671474375,1.7560633927836093
20190214,0.0,1.8099360145492995
20190215,2.46410580759292,1.8434533481520643
20190216,1.0,1.8257204207394684
20190217,,1.8690977840056513
20190218,,1.8800258033812076
20190219,1.9689635318695062,1.9394639296886684
20190220,1.8513527139188046,2.0133364926482153
20190221,1.344057713232502,2.0309551401765855
20190222,,2.0939207376464597
20190223,,2.0939207376464597
20190224,,2.0997600692485787
20190225,0.8973058835984914,2.07559313912938
20190226,0.7902410118609202,2.2087415131170456
20190227,2.3695081522593897,2.284389661234414
20190228,1.292481250360578,2.2936015230108566
20190301,2.1961587113893803,2.326425138507587
20190302,,2.328596245626224
20190303,,2.345120418638465
20190304,1.7770932322744133,2.3504326953554657
20190305,2.2493666810103257,2.4071245493626203
20190306,1.792481250360578,2.4470032612988852
20190307,2.610521314888554,2.4496638240665494
20190308,2.2443199808749794,2.4382756831233983
20190309,3.3219280948873626,2.4453933235728815
20190310,,2.453465951774802
20190311,2.46410580759292,2.4317538637059983
20190312,1.5509775004326938,2.4643756563749353
20190313,2.204803115082647,2.519965410313771
20190314,2.787327587800514,2.449159422741207
20190315,3.6699250014423126,2.434950676310143
20190316,,2.4138400040856616
20190317,,2.4657495088029586
20190318,2.4833520104962425,2.444938845117826
20190319,1.980199314323807,2.3526665555761923
20190320,2.845895355877449,2.3719025511552627
20190321,3.065593637359875,2.306476821889376
20190322,2.1509775004326936,2.2543237582310973
20190323,,2.2584248002072247
20190324,,2.227180782849134
20190325,2.3333333333333335,2.1922091003646034
20190326,1.8469368003092723,2.172278994740958
20190327,2.734796789919677,2.198197965750406
20190328,1.792481250360578,2.163793026898326
20190329,3.700439718141092,2.175868206623131
20190330,,2.1633717188238033
20190331,,2.125264800157511
20190401,2.6283919559911704,2.128752475489496
20190402,2.4628758858653206,2.100084636444318
20190403,4.906890595608519,2.081319571819094
20190404,3.5948782818525067,2.0567493890035338
20190405,1.9534452978042594,2.015549507945079
20190406,,2.016678675402185
20190407,,2.017898029425738
20190408,2.890560606055268,2.017898029425738
20190409,0.0,1.9855771932542738
20190410,3.078617827248903,2.004133989452912
20190411,2.7490328256708563,1.9352882538623628
20190412,1.6307223911150421,1.8777507588860047
20190413,,1.911823637199241
20190414,,1.911823637199241
20190415,3.0178778771596617,1.9702984543022906
20190416,2.1489649615959374,1.8432827519339856
20190417,1.6939337257048868,1.86266031614703
20190418,2.066189967705934,1.9567406490890584
20190419,1.298370619265935,1.9433386917074
20190420,,2.016630518121203
20190421,,2.0047573594396297
20190422,1.8692947658382792,2.01499938127364
20190423,1.2339850002884625,2.0056300946489887
20190424,1.389975000480771,2.12212885212927
20190425,1.9767226489021297,2.2574817355913437
20190426,1.5849625007211563,2.2842206962284117
20190427,,2.301275774167613
20190428,,2.246483493830289
20190429,1.1954559846999833,2.1772252481781287
20190430,2.3502198590705463,2.277610912595193
20190501,,1.9847365904690442
20190502,,2.044493175394289
20190503,,2.044493175394289
20190504,,2.044493175394289
20190505,,2.080299268159878
20190506,2.084962500721156,2.1057242862770424
20190507,,2.0924543560911255
20190508,,1.9843924310594987
20190509,,1.9843924310594987
20190510,1.8339850002884626,1.9843924310594987
20190511,,1.9939118887032352
20190512,,1.9646829476619114
20190513,,2.00354681439685
20190514,4.5139529982849425,2.00354681439685
20190515,3.4594316186372978,1.9701586553435328
20190516,3.9164450070823706,1.9048550948402232
20190517,4.0,1.8629469716685116
20190518,,1.8404516766334433
20190519,,1.8741998216020728
20190520,1.8306176987765583,1.8998050939226327
20190521,2.083767242159138,1.935803856546363
20190522,0.0,1.8514340379018521
20190523,2.807354922057604,1.8122381710290838
20190524,2.569881194830371,1.8042772370208557
20190525,,1.7448769299494278
20190526,,1.7220049049627302
20190527,0.0,1.7491328217453168
20190528,1.5954559846999832,1.7874820502588142
20190529,1.5849625007211563,1.7703302280421884
20190530,0.6666666666666666,1.7845751559723662
20190531,3.5384077985254154,1.8596585619705102
20190601,,1.834222967477254
20190602,,1.8344232547708204
20190603,2.2871789152499478,1.8163223142553988
20190604,2.246717568563136,1.767792045810284
20190605,1.898370619265935,1.7175350972667722
20190606,1.0838763891292742,1.7226821506596852
20190607,,1.7675981807672922
20190608,,1.7675981807672922
20190609,,1.7805539476199497
20190610,1.1949875002403854,1.8253517936270796
20190611,2.640914228849841,1.9150968390313998
20190612,,1.8983796446389125
20190613,2.1685967324566464,1.9062121515976511
20190614,0.3333333333333333,1.8841798585484224
20190615,,1.9205278239831511
20190616,,1.9271487057083363
20190617,2.2749590431045457,1.9293865864631257
20190618,2.339362268758914,1.9118658922640195
20190619,2.386842188131012,1.8823684549705233
20190620,1.2366781228500638,1.8260942643397173
20190621,0.8814178573489018,1.8894199654914983
20190622,,1.9513148317809559
20190623,,1.9376880941199686
20190624,1.3429827766117406,1.9376880941199686
20190625,2.166224542277588,1.9579176316512197
20190626,2.434735427260684,1.981211032096693
20190627,1.5045079600458955,1.9572106438849288
20190628,2.69615871138938,2.015623893412546
20190629,,2.000667084226242
20190630,,1.98481546710633
20190701,1.8373608017431253,1.9760441895329544
20190702,1.5843011676486332,2.090692338813776
20190703,1.381775048853071,2.1608176995668686
20190704,0.0,2.1914449723121883
20190705,2.522197059679227,2.2306960539828853
20190706,,2.2359901167903
20190707,,2.2722515005473523
20190708,2.3333333333333335,2.189764079227478
20190709,3.292481250360578,2.204303645368189
20190710,3.1595034781826734,2.177354830771994
20190711,2.2414460711655217,2.0971794309833673
20190712,2.2691183073525347,2.091040425018169
20190713,,2.0851697256005526
20190714,,2.0761738276444937
20190715,2.033082813311301,2.0667111818647164
20190716,1.9902569429933945,2.064472005730861
20190717,2.0566416671474377,2.085258443188857
20190718,1.700984370801217,2.154939837264015
20190719,1.1813781191217039,2.1910499311871923
20190720,,2.2518735343236678
20190721,,2.2106529805748756
20190722,1.160964047443681,2.2106529805748756
20190723,,2.20932827683306
20190724,0.0,2.2480708699278433
20190725,2.9918065647089986,2.2351903131604836
20190726,1.918106335492874,2.186205769259857
20190727,,2.1991262238992295
20190728,,2.2096786524597976
20190729,1.7787444445474754,2.216519141253371
20190730,1.8805347226228646,2.2014794115218823
20190731,3.5174592158726417,2.278688261248637
20190801,2.3067435607060327,2.140587888155179
20190802,1.3333333333333333,2.124655152431125
20190803,3.8073549220576037,2.158568944678173
20190804,3.3219280948873626,2.134673495730645
20190805,2.9684700686827616,2.1037022610324776
20190806,0.801225820342934,1.9443638955801892
20190807,2.592868173558484,2.034819966190237
20190808,3.700439718141092,2.0480518072740086
20190809,,2.0214003893567978
20190810,,2.0214003893567978
20190811,,2.047291515249569
20190812,1.9124484848442145,2.1030975273405925
20190813,1.915308849388279,2.117325067825397
20190814,1.5849625007211563,2.1630422328995045
20190815,3.5849625007211565,2.1845864793816507
20190816,3.0186701730482537,2.1542834490786205
20190817,,2.03642526933268
20190818,,2.080140745814264
20190819,0.5,2.076287980728907
20190820,,2.137823788571689
20190821,0.0,2.0995076144239273
20190822,3.3328634765817764,2.1556010917701016
20190823,1.396240625180289,2.118811642244737
20190824,1.0,2.150227773421452
20190825,,2.1693139684207394
20190826,2.3348003053922475,2.168816762093857
20190827,2.3191264731569765,2.1768848729973795
20190828,0.0,2.127470463647604
20190829,4.0,2.142146042357985
20190830,1.4864772062124325,2.140734868584708
20190831,,2.146967266679489
20190901,,1.9959428543444873
20190902,,1.9567446111836877
20190903,1.7974391409262536,1.9728001221163378
20190904,0.3962406251802891,1.9245184416613816
20190905,1.5,1.9513308203346622
20190906,3.8467434787496626,1.944751872966241
20190907,,1.9193919848891288
20190908,,1.9560619535315826
20190909,2.4486039665875268,1.9658026604805798
20190910,2.716963660341851,1.9338428238816292
20190911,,1.8948017582001169
20190912,2.5572046726239703,1.898432564865048
20190913,2.584962500721156,1.8987481569191609
20190914,1.5849625007211563,1.8902237551328007
20190915,1.5849625007211563,1.9082738387120541
20190916,2.4134712539863377,1.8904889820336617
20190917,2.0497039016399476,1.8545667420230947
20190918,2.314010593286841,1.8556789028872884
20190919,1.7333752836786493,1.8352127670946334
20190920,2.7902569429933948,1.841806560984877
20190921,,1.8064166213576935
20190922,,1.7916458842989504
20190923,2.2279755655721107,1.792457797100567
20190924,2.163237002203288,1.7637129152636541
20190925,2.675109929535273,1.7620746424047489
20190926,1.536412500309067,1.7799122111407708
20190927,0.7924812503605781,1.7869701177413904
20190928,2.586500305499286,1.802388549793806
20190929,1.7233083338141042,1.7661253536304917
20190930,0.9831909128038896,1.7227032867708676
20191001,1.223177489174439,1.82402402009828
20191002,2.2497576857045525,1.8059186578018709
20191003,0.9957230355827609,1.723769331356033
20191004,1.5169925001442313,1.774860299480473
20191005,1.0,1.786689097615163
20191006,,1.8133893996802868
20191007,3.3311857776236042,1.8230399066638259
20191008,2.1324769793856406,1.7873826129787624
20191009,1.146240625180289,1.7451547854982565
20191010,1.6904128591663916,1.7910106843937015
20191011,2.1961587113893803,1.7968303932911491
20191012,4.584962500721157,1.7901189929869772
20191013,,1.736993313872743
20191014,2.4248242623658376,1.7367580562500626
20191015,1.1813781191217037,1.714836294273461
20191016,1.3333333333333333,1.792198452006723
20191017,2.9164450070823706,1.8279316511036534
20191018,2.403677461028802,1.8114390244979153
20191019,,1.8023276639359018
20191020,,1.8053366579744676
20191021,1.5088917748887247,1.7931598351531464
20191022,1.8306176987765583,1.7987141750007432
20191023,1.8643856189774726,1.7927766649958203
20191024,3.4534452978042594,1.7489528914443975
20191025,2.4393955385555373,1.7208587177676127
20191026,1.0,1.6766609313043348
20191027,,1.7059140223337088
20191028,2.0802999052776254,1.7143813764655094
20191029,1.1714245517666122,1.7166121703712347
20191030,1.5849625007211563,1.762430292926847
20191031,1.1807354922057605,1.7661275385977988
20191101,0.8814178573489018,1.809813512209145
20191102,,1.86098492625656
20191103,,1.9052446254509496
20191104,1.9967542747857023,1.9137768402430149
20191105,2.09807935569469,1.8967943629552633
20191106,2.0060106133945275,1.8440600025725162
20191107,1.6137607058739674,1.8157068829134773
20191108,2.439934468967273,1.837584385426091
20191109,,1.811395251359083
20191110,,1.878980429754318
20191111,0.0,1.8877628036669771
20191112,1.73205290379646,1.98131968491826
20191113,1.8461359328418052,1.9424372643249745
20191114,2.75946879024946,1.9157198057586993
20191115,2.218655117377791,1.873831558301711
20191116,,1.853090291590368
20191117,,1.8642140607338844
20191118,1.8835705029771797,1.8539199598032685
20191119,1.4643856189774724,1.8112706906622915
20191120,1.6199785718406607,1.84717739401814
20191121,1.7275286377824595,1.8450486629657652
20191122,0.7641604167868594,1.8542168918807747
20191123,1.0,1.905746671686437
20191124,2.0,1.8957883288560808
20191125,2.1901309825878026,1.883171591829939
20191126,1.8689105893708715,1.8472952493557424
20191127,2.0323207542362414,1.8018663622511724
20191128,3.0,1.7791740666872444
20191129,,1.7696363640832384
20191130,,1.7696363640832384
20191201,,1.7827355521030375
20191202,3.029440984988446,1.798151516961931
20191203,2.195339928381165,1.7433908960399271
20191204,1.4943199808749792,1.8561838458128996
20191205,1.0943609377704335,1.844355767449309
20191206,1.3813781191217036,1.8919744867939994
20191207,,1.9130735102515324
20191208,,1.8768498612703037
20191209,3.822054308617326,1.882985034074907
20191210,2.0184006156177787,1.776083499665596
20191211,3.301167109764329,1.772472158599072
20191212,1.568560601919594,1.7105724940850358
20191213,1.5647712762659935,1.7292872395642025
20191214,,1.7461606716973521
20191215,,1.746551673395437
20191216,2.0285986491880723,1.84931250983732
20191217,1.6711996682848347,1.8733747770956946
20191218,1.2076815597050832,1.9271599938888748
20191219,2.7600724302564292,2.023782016342051
20191220,1.4643856189774724,1.9965120010118886
20191221,,2.02234337878055
20191222,2.321928094887362,2.02234337878055
20191223,1.4457637380991761,2.0164649365338505
20191224,1.3333333333333333,2.0328309092256767
20191225,0.5,2.0660629547219167
20191226,0.6643856189774725,2.1392008031410112
20191227,1.4406426982957874,2.20222709306253
20191228,,2.2222687876616547
20191229,,2.225771142924982
20191230,3.4594316186372978,2.269727932900928
20191231,2.792481250360578,2.194890482904538
20200101,1.0,2.157335694048203
20200102,3.2817592050347693,2.2100826282983275
20200103,1.0980793556946902,2.1200945188013742
20200104,,2.1522839727574903
20200105,,2.1891096974246462
20200106,1.2506982145947814,2.095408691285368
20200107,1.9702408250737093,2.0748100667239613
20200108,1.129920801838728,2.0257312704047163
20200109,1.8933893155687964,2.07920630411744
20200110,1.7994358961875243,2.0877292489949677
20200111,,2.113997954004835
20200112,,2.092669779918317
20200113,1.7618007396207496,2.163217593655549
20200114,3.610926848841028,2.123921169547452
20200115,4.099836172418183,2.0320991355401636
20200116,2.8084686759587383,2.0124259564113625
20200117,2.652536428472433,1.9870742774448853
20200118,,1.9651840751084528
20200119,,1.9651840751084528
20200120,,1.8895080051806394
20200121,1.9789628874017875,1.8995568600169785
20200122,1.8706767864354419,1.9766686176800736
20200123,2.20459024848675,1.962282738838898
20200124,3.5137358541433317,1.9459306983105151
20200125,,1.906489059170067
20200126,,1.9535221625552848
20200127,2.2656979929269165,1.9900993780439393
20200128,3.3598563243043844,1.973655752134516
20200129,0.5169925001442313,1.9410738364813358
20200130,1.7435028267962265,2.0017598396910246
20200131,4.2682453505380105,2.0167554081816905
20200201,,1.9723181066878157
20200202,,1.9927937919479477
20200203,2.9685875362127785,2.033423573122132
20200204,0.8491853096329676,1.982897667342712
20200205,1.2825931324343791,2.0496991248250005
20200206,1.0614816370412092,2.0986512278007172
20200207,1.9106562940444884,2.1583444416573796
20200208,1.0,2.209000776850967
20200209,4.08746284125034,2.2111188642125676
20200210,1.8777474102772516,2.1994931094301746
20200211,3.1791061114716954,2.2900776840020933
20200212,1.3308088803888796,2.2165562232204192
20200213,1.5121375001030224,2.276218497283832
20200214,2.269203899262708,2.3223268333206053
20200215,,2.32422408096553
20200216,,2.3553770672293877
20200217,,2.329787100281099
20200218,0.739231742277876,2.343161098096867
20200219,2.132116071943683,2.4704838212112628
20200220,3.2816927379637533,2.5019086337802694
20200221,1.6521600439723727,2.4373090791288083
20200222,,2.5135371407944818
20200223,,2.4533782311393773
20200224,3.0218455108766604,2.449831154379112
20200225,2.5972811551556054,2.344758708588363
20200226,2.0,2.2442488152416495
20200227,2.2716203414881693,2.2534884284509835
20200228,3.3571227588330617,2.2526789680475376
20200229,,2.2325981718514374
20200301,,2.260731846507838
20200302,2.7708698318329605,2.2693706246375047
20200303,2.737673113474656,2.3500886735043545
20200304,1.498370619265935,2.31269191183702
20200305,1.0,2.3630645426493126
20200306,1.6356301985361728,2.375685510636806
20200307,,2.396829948125396
20200308,6.266786540694902,2.4059943298728723
20200309,2.0774377917547775,2.326460983830955
20200310,2.250637622999292,2.3857741111471804
20200311,4.760788169407955,2.4069166408648788
20200312,2.2146187299249083,2.380618749863061
20200313,2.1373979262599105,2.3842805150087556
20200314,,2.402870709714489
20200315,,2.3716102224010998
20200316,3.2276606826174064,2.34997407920998
20200317,1.9999608596142635,2.2303785864925354
20200318,2.7610985298396136,2.26308240517321
20200319,2.1745206520190044,2.2514252401072583
20200320,2.6798056624320825,2.2530054713693457
20200321,3.0,2.231511936567625
20200322,,2.228120717069512
20200323,1.5681828462142737,2.263496260197181
20200324,2.3940913767177965,2.30644485898038
20200325,0.8339850002884626,2.289772798803275
20200326,1.3522138890491457,2.3114901274412634
20200327,2.4534452978042594,2.3833982713396966
20200328,,2.3651545290301215
20200329,,2.38784517865587
20200330,3.034407899558857,2.364826720504657
20200331,2.7617809780285065,2.355031221584081
20200401,3.928148430914211,2.3238976622421563
20200402,2.0,2.2443013256884585
20200403,3.022197059679227,2.2472625538786217
20200404,,2.233773718117898
20200405,,2.239106552576546
20200406,2.526276840308504,2.1830219986147736
20200407,1.9659650876971906,2.1766324050066097
20200408,2.8689650026105986,2.208418782400792
20200409,2.6656101774516303,2.175247998077431
20200410,2.716571889626383,2.140844419833892
20200411,,2.0991799318883833
20200412,2.807354922057604,2.1055717655371216
20200413,1.795524099054358,2.141566982541067
20200414,1.7614709844115208,2.1317370852718343
20200415,1.4730941106889952,2.1637343618851252
20200416,2.79674123853187,2.2794032013866232
20200417,2.3481313731194846,2.2626065118689205
20200418,,2.2609073424401016
20200419,,2.2812461678056044
20200420,2.2615095807020396,2.2958859307764423
20200421,2.841296797949114,2.325186467350098
20200422,2.497963274082419,2.266229385970435
20200423,2.0800746429806174,2.2537872980181137
20200424,1.0,2.264954540127667
20200425,4.392317422778761,2.2926542745830174
20200426,0.0,2.277215574963931
20200427,2.9399843195490805,2.274623593030948
20200428,1.9760705383952801,2.1988309499509215
20200429,2.4587068021010254,2.205021151463426
20200430,1.5981191059303774,2.1942390290476324
20200501,1.292481250360578,2.221131657158185
20200502,,2.2353095259642553
20200503,1.5849625007211563,2.266334148839017
20200504,2.3186142663236646,2.3100609984407963
20200505,1.2907677310411239,2.375362385150898
20200506,2.498370619265935,2.456913740648071
20200507,2.5112381995614093,2.490037932217878
20200508,2.7618007396207496,2.468414842210023
20200509,0.0,2.461080194774755
20200510,,2.436245843896576
20200511,2.186534991754473,2.403860878380216
20200512,2.688983943221368,2.424270932089079
20200513,1.3169925001442313,2.430889259400853
20200514,3.338471684128896,2.4591368908370446
20200515,3.4938266039659185,2.438527481619267
20200516,,2.395629143312492
20200517,,2.4363063623310945
20200518,2.793106606170763,2.449229919913752
20200519,2.583191279079137,2.434414402361708
20200520,3.3905606060552684,2.3986487004824504
20200521,1.5566416671474375,2.3539196691602724
20200522,,2.3880887263893937
20200523,,2.371151926911455
20200524,,2.335896706216827
20200525,,2.318501565947046
20200526,1.9462319510413686,2.332010650646972
20200527,1.7727357670939308,2.3306805448157655
20200528,1.9251099295352732,2.353503180290078
20200529,2.635630198536173,2.3492931133343484
20200530,,2.3435279371222313
20200531,,2.3500325178210133
20200601,2.8469378054952696,2.3290072687827887
20200602,3.1949287896617804,2.311501447738153
20200603,3.3435700509781134,2.2536762025700385
20200604,1.7924812503605783,2.1929915140946696
20200605,3.961390173036145,2.1977594934248375
20200606,0.0,2.165693481068268
20200607,,2.1788989291235623
20200608,1.984881848123405,2.1788989291235623
20200609,1.9324797136420846,2.1942160670972592
20200610,2.424842961492274,2.2106889844475845
20200611,3.0019219337219147,2.197998378400492
20200612,2.05708044377245,2.1540338089688515
20200613,,2.1579750026760225
20200614,,2.1579750026760225
20200615,3.2701893522124403,2.1579750026760225
20200616,2.634467578598515,2.1009383693664625
20200617,2.4433820524177237,2.0564776019304585
20200618,1.9904353180558318,2.00811454561955
20200619,1.8860905103331063,2.00994343122959
20200620,,2.0174954386013266
20200621,0.0,2.0174954386013266
20200622,1.5073990198930756,2.04240278969517
20200623,1.9532036202816423,2.085203091279338
20200624,2.563166099956818,2.098791272117336
20200625,1.860338259004065,2.0279544339723303
20200626,1.7267226489021297,2.050518149833443
20200627,0.0,2.1093900590936814
20200628,,2.158445641863302
20200629,2.4307977281642237,2.158445641863302
20200630,2.0469185108532804,2.0530190278113323
20200701,2.3628976951365672,2.056871985890102
20200702,0.6666666666666666,1.2
20200703,2.0,2.0
